{
  "LightGBM": {
    "mean": 0.8622546927172389,
    "std": 0.03919067400227469
  },
  "RandomForest": {
    "mean": 0.9730552140206079,
    "std": 0.02899876817054975
  },
  "XGBoost": {
    "mean": 0.9816396508367031,
    "std": 0.015170538755733274
  },
  "GBR": {
    "mean": 0.9838343724261683,
    "std": 0.0196956288341359
  },
  "Stacking": {
    "mean": 0.9882727992386201,
    "std": 0.010824432296055819
  }
}