{
  "LightGBM": {
    "mean": 0.8483222025651396,
    "std": 0.04577754793900811
  },
  "RandomForest": {
    "mean": 0.9715675908059263,
    "std": 0.032672105041779795
  },
  "XGBoost": {
    "mean": 0.9818437332275394,
    "std": 0.017926542879254125
  },
  "GBR": {
    "mean": 0.9835353515122197,
    "std": 0.023798907414067635
  },
  "Stacking": {
    "mean": 0.9829500686327556,
    "std": 0.02433501099866964
  }
}